,描述,位置信息,区域,房屋信息,关注信息,总价,单价,type,area,Direction,decoration,Floor,Others,Floorh,Floorb,1室1厅 ,1室2厅 ,2室1厅 ,2室2厅 ,3室1厅 ,3室2厅 ,4室1厅 ,4室2厅 ,5室2厅 ,5室3厅 ,6室3厅 , 东 , 东 东南 , 东 西 , 东北 , 东南 , 东南 西北 , 南 , 南 北 , 西 , 西北 , 西南 , 其他 , 毛坯 , 简装 , 精装 , 3层  , 中楼层, 低楼层, 高楼层
0,嘉裕第六洲龙泽台 4室2厅 280万,嘉裕第六洲龙泽台 ,崇州,4室2厅 | 223.73平米 | 南 | 毛坯 | 低楼层(共9层)  | 暂无数据,0人关注 / 31天以前发布,280.0,12516.0,4室2厅 , 223.73平米 , 南 , 毛坯 , 低楼层(共9层)  , 暂无数据, 低楼层,9.0,0,0,0,0,0,0,0,1,0,0,0,False,False,False,False,False,False,True,False,False,False,False,False,True,False,False,False,False,True,False
2,前后中庭 中间楼层 清水房 套三,西蜀御景二期 ,崇州,3室2厅 | 128.7平米 | 东南 | 毛坯 | 高楼层(共18层)  | 塔楼,1人关注 / 8个月以前发布,90.0,6994.0,3室2厅 , 128.7平米 , 东南 , 毛坯 , 高楼层(共18层)  , 塔楼, 高楼层,18.0,0,0,0,0,0,1,0,0,0,0,0,False,False,False,False,True,False,False,False,False,False,False,False,True,False,False,False,False,False,True
3,嘉裕第六洲龙泽台 3室2厅 120万,嘉裕第六洲龙泽台 ,崇州,3室2厅 | 106.8平米 | 南 | 其他 | 低楼层(共7层)  | 暂无数据,0人关注 / 15天以前发布,120.0,11236.0,3室2厅 , 106.8平米 , 南 , 其他 , 低楼层(共7层)  , 暂无数据, 低楼层,7.0,0,0,0,0,0,1,0,0,0,0,0,False,False,False,False,False,False,True,False,False,False,False,True,False,False,False,False,False,True,False
4,嘉裕龙泽台清水套三 户型方正 对小区中庭,嘉裕第六洲龙泽台 ,崇州,3室2厅 | 125平米 | 东南 | 毛坯 | 中楼层(共7层)  | 板楼,4人关注 / 14天以前发布,89.0,7120.0,3室2厅 , 125平米 , 东南 , 毛坯 , 中楼层(共7层)  , 板楼, 中楼层,7.0,0,0,0,0,0,1,0,0,0,0,0,False,False,False,False,True,False,False,False,False,False,False,False,True,False,False,False,True,False,False
5,嘉裕第六洲龙泽台 4室2厅 220万,嘉裕第六洲龙泽台 ,崇州,4室2厅 | 225.51平米 | 东南 | 毛坯 | 低楼层(共6层)  | 暂无数据,0人关注 / 14天以前发布,220.0,9756.0,4室2厅 , 225.51平米 , 东南 , 毛坯 , 低楼层(共6层)  , 暂无数据, 低楼层,6.0,0,0,0,0,0,0,0,1,0,0,0,False,False,False,False,True,False,False,False,False,False,False,False,True,False,False,False,False,True,False
6,花园洋房  高铁围绕 二绕及成温邛高速出入口,嘉裕第六洲龙泽台 ,崇州,4室2厅 | 222.88平米 | 东南 | 其他 | 低楼层(共8层)  | 暂无数据,0人关注 / 1个月以前发布,235.0,10544.0,4室2厅 , 222.88平米 , 东南 , 其他 , 低楼层(共8层)  , 暂无数据, 低楼层,8.0,0,0,0,0,0,0,0,1,0,0,0,False,False,False,False,True,False,False,False,False,False,False,True,False,False,False,False,False,True,False
7,嘉裕第六洲龙泽台 3室1厅 230万,嘉裕第六洲龙泽台 ,崇州,3室1厅 | 225.39平米 | 东南 | 其他 | 低楼层(共7层)  | 暂无数据,0人关注 / 1个月以前发布,230.0,10205.0,3室1厅 , 225.39平米 , 东南 , 其他 , 低楼层(共7层)  , 暂无数据, 低楼层,7.0,0,0,0,0,1,0,0,0,0,0,0,False,False,False,False,True,False,False,False,False,False,False,True,False,False,False,False,False,True,False
9,嘉裕第六洲龙泽台 3室1厅 120万,嘉裕第六洲龙泽台 ,崇州,3室1厅 | 126.05平米 | 东南 | 其他 | 中楼层(共7层)  | 暂无数据,0人关注 / 1个月以前发布,120.0,9521.0,3室1厅 , 126.05平米 , 东南 , 其他 , 中楼层(共7层)  , 暂无数据, 中楼层,7.0,0,0,0,0,1,0,0,0,0,0,0,False,False,False,False,True,False,False,False,False,False,False,True,False,False,False,False,True,False,False
10,嘉裕第六洲龙泽台 3室2厅 150万,嘉裕第六洲龙泽台 ,崇州,3室2厅 | 126.11平米 | 南 | 毛坯 | 中楼层(共7层)  | 暂无数据,0人关注 / 1个月以前发布,150.0,11895.0,3室2厅 , 126.11平米 , 南 , 毛坯 , 中楼层(共7层)  , 暂无数据, 中楼层,7.0,0,0,0,0,0,1,0,0,0,0,0,False,False,False,False,False,False,True,False,False,False,False,False,True,False,False,False,True,False,False
11,套三双卫 花园洋房  高铁  双高速出入口,嘉裕第六洲龙泽台 ,崇州,3室2厅 | 125.28平米 | 东南 | 毛坯 | 低楼层(共9层)  | 暂无数据,0人关注 / 1个月以前发布,105.0,8382.0,3室2厅 , 125.28平米 , 东南 , 毛坯 , 低楼层(共9层)  , 暂无数据, 低楼层,9.0,0,0,0,0,0,1,0,0,0,0,0,False,False,False,False,True,False,False,False,False,False,False,False,True,False,False,False,False,True,False
12,崇州新城羊马湿地公园花园洋房，现房随买随装修,嘉裕第六洲龙泽台 ,崇州,3室2厅 | 125平米 | 西南 | 其他 | 低楼层(共9层)  | 板楼,3人关注 / 1个月以前发布,91.0,7280.0,3室2厅 , 125平米 , 西南 , 其他 , 低楼层(共9层)  , 板楼, 低楼层,9.0,0,0,0,0,0,1,0,0,0,0,0,False,False,False,False,False,False,False,False,False,False,True,True,False,False,False,False,False,True,False
13,洋房品质小区，户型设计方正，采光良好,嘉裕第六洲龙泽台 ,崇州,3室2厅 | 125.95平米 | 南 | 毛坯 | 中楼层(共9层)  | 板楼,5人关注 / 1个月以前发布,95.0,7543.0,3室2厅 , 125.95平米 , 南 , 毛坯 , 中楼层(共9层)  , 板楼, 中楼层,9.0,0,0,0,0,0,1,0,0,0,0,0,False,False,False,False,False,False,True,False,False,False,False,False,True,False,False,False,True,False,False
14,洋房品质小区，户型设计方正，采光良好,嘉裕第六洲龙泽台 ,崇州,3室2厅 | 125.12平米 | 东南 | 其他 | 中楼层(共7层)  | 暂无数据,2人关注 / 30天以前发布,93.0,7433.0,3室2厅 , 125.12平米 , 东南 , 其他 , 中楼层(共7层)  , 暂无数据, 中楼层,7.0,0,0,0,0,0,1,0,0,0,0,0,False,False,False,False,True,False,False,False,False,False,False,True,False,False,False,False,True,False,False
15,改变自己生活质量，找到一片宁静，此刻你值得拥有。,嘉裕第六洲龙泽台 ,崇州,3室2厅 | 125.15平米 | 南 | 其他 | 中楼层(共9层)  | 暂无数据,0人关注 / 22天以前发布,110.0,8790.0,3室2厅 , 125.15平米 , 南 , 其他 , 中楼层(共9层)  , 暂无数据, 中楼层,9.0,0,0,0,0,0,1,0,0,0,0,0,False,False,False,False,False,False,True,False,False,False,False,True,False,False,False,False,True,False,False
16,嘉裕第六洲龙泽台 4室2厅 225万,嘉裕第六洲龙泽台 ,崇州,4室2厅 | 221.67平米 | 东南 | 毛坯 | 低楼层(共9层)  | 板楼,0人关注 / 17天以前发布,225.0,10151.0,4室2厅 , 221.67平米 , 东南 , 毛坯 , 低楼层(共9层)  , 板楼, 低楼层,9.0,0,0,0,0,0,0,0,1,0,0,0,False,False,False,False,True,False,False,False,False,False,False,False,True,False,False,False,False,True,False
17,高品质花园洋房  双阳台  大花园,嘉裕第六洲龙泽台 ,崇州,4室2厅 | 237.64平米 | 东南 | 其他 | 低楼层(共7层)  | 暂无数据,0人关注 / 17天以前发布,225.0,9469.0,4室2厅 , 237.64平米 , 东南 , 其他 , 低楼层(共7层)  , 暂无数据, 低楼层,7.0,0,0,0,0,0,0,0,1,0,0,0,False,False,False,False,True,False,False,False,False,False,False,True,False,False,False,False,False,True,False
18,洋房品质小区，视野开阔，户型设计方正,嘉裕第六洲龙泽台 ,崇州,3室2厅 | 124.45平米 | 东南 | 其他 | 低楼层(共9层)  | 暂无数据,0人关注 / 17天以前发布,96.0,7714.0,3室2厅 , 124.45平米 , 东南 , 其他 , 低楼层(共9层)  , 暂无数据, 低楼层,9.0,0,0,0,0,0,1,0,0,0,0,0,False,False,False,False,True,False,False,False,False,False,False,True,False,False,False,False,False,True,False
19,嘉裕第六洲龙泽台清水好房电梯入户,嘉裕第六洲龙泽台 ,崇州,4室2厅 | 207.57平米 | 东南 | 其他 | 低楼层(共9层)  | 暂无数据,1人关注 / 20天以前发布,140.0,6745.0,4室2厅 , 207.57平米 , 东南 , 其他 , 低楼层(共9层)  , 暂无数据, 低楼层,9.0,0,0,0,0,0,0,0,1,0,0,0,False,False,False,False,True,False,False,False,False,False,False,True,False,False,False,False,False,True,False
20,嘉裕第六洲龙泽台清水大套三双卫洋房小区一梯两户,嘉裕第六洲龙泽台 ,崇州,3室2厅 | 125.95平米 | 西南 | 毛坯 | 高楼层(共9层)  | 板楼,0人关注 / 17天以前发布,120.0,9528.0,3室2厅 , 125.95平米 , 西南 , 毛坯 , 高楼层(共9层)  , 板楼, 高楼层,9.0,0,0,0,0,0,1,0,0,0,0,0,False,False,False,False,False,False,False,False,False,False,True,False,True,False,False,False,False,False,True
21,房子装修  房东成心出售  价格可谈,西蜀御景 ,崇州,4室2厅 | 129.01平米 | 南 | 其他 | 低楼层(共16层)  | 暂无数据,3人关注 / 3个月以前发布,92.8,7194.0,4室2厅 , 129.01平米 , 南 , 其他 , 低楼层(共16层)  , 暂无数据, 低楼层,16.0,0,0,0,0,0,0,0,1,0,0,0,False,False,False,False,False,False,True,False,False,False,False,True,False,False,False,False,False,True,False
22,嘉裕第六洲龙泽台 4室2厅 245万,嘉裕第六洲龙泽台 ,崇州,4室2厅 | 238平米 | 东南 | 其他 | 低楼层(共7层)  | 板楼,13人关注 / 3个月以前发布,245.0,10295.0,4室2厅 , 238平米 , 东南 , 其他 , 低楼层(共7层)  , 板楼, 低楼层,7.0,0,0,0,0,0,0,0,1,0,0,0,False,False,False,False,True,False,False,False,False,False,False,True,False,False,False,False,False,True,False
24,清水大套三  地下室 花园洋房 实得大 2800亩湿地公园,嘉裕第六洲龙泽台 ,崇州,3室2厅 | 202.82平米 | 南 | 毛坯 | 低楼层(共7层)  | 板楼,3人关注 / 1个月以前发布,150.0,7396.0,3室2厅 , 202.82平米 , 南 , 毛坯 , 低楼层(共7层)  , 板楼, 低楼层,7.0,0,0,0,0,0,1,0,0,0,0,0,False,False,False,False,False,False,True,False,False,False,False,False,True,False,False,False,False,True,False
27,嘉裕第六洲龙泽台，自带花园，跃层 清水洋房,嘉裕第六洲龙泽台 ,崇州,4室2厅 | 156.11平米 | 南 | 毛坯 | 高楼层(共7层)  | 暂无数据,3人关注 / 1个月以前发布,188.0,12043.0,4室2厅 , 156.11平米 , 南 , 毛坯 , 高楼层(共7层)  , 暂无数据, 高楼层,7.0,0,0,0,0,0,0,0,1,0,0,0,False,False,False,False,False,False,True,False,False,False,False,False,True,False,False,False,False,False,True
29,嘉裕第六洲龙泽台 4室2厅 158.8万,嘉裕第六洲龙泽台 ,崇州,4室2厅 | 223.37平米 | 西南 | 其他 | 低楼层(共9层)  | 板楼,0人关注 / 28天以前发布,158.8,7110.0,4室2厅 , 223.37平米 , 西南 , 其他 , 低楼层(共9层)  , 板楼, 低楼层,9.0,0,0,0,0,0,0,0,1,0,0,0,False,False,False,False,False,False,False,False,False,False,True,True,False,False,False,False,False,True,False
30,嘉裕第六洲龙泽台 3室2厅 150万,嘉裕第六洲龙泽台 ,崇州,3室2厅 | 125.13平米 | 西南 | 其他 | 高楼层(共9层)  | 板楼,1人关注 / 17天以前发布,150.0,11988.0,3室2厅 , 125.13平米 , 西南 , 其他 , 高楼层(共9层)  , 板楼, 高楼层,9.0,0,0,0,0,0,1,0,0,0,0,0,False,False,False,False,False,False,False,False,False,False,True,True,False,False,False,False,False,False,True
32,嘉裕第六洲龙泽台 清水大套三双卫 洋房小区,嘉裕第六洲龙泽台 ,崇州,3室1厅 | 125.15平米 | 东南 | 其他 | 高楼层(共9层)  | 板楼,0人关注 / 1个月以前发布,97.0,7751.0,3室1厅 , 125.15平米 , 东南 , 其他 , 高楼层(共9层)  , 板楼, 高楼层,9.0,0,0,0,0,1,0,0,0,0,0,0,False,False,False,False,True,False,False,False,False,False,False,True,False,False,False,False,False,False,True
35,西蜀御景二期 4室2厅 80万,西蜀御景二期 ,崇州,4室2厅 | 128平米 | 东南 | 其他 | 高楼层(共18层)  | 暂无数据,3人关注 / 3个月以前发布,80.0,6250.0,4室2厅 , 128平米 , 东南 , 其他 , 高楼层(共18层)  , 暂无数据, 高楼层,18.0,0,0,0,0,0,0,0,1,0,0,0,False,False,False,False,True,False,False,False,False,False,False,True,False,False,False,False,False,False,True
37,2800亩公园近在家门，嘉裕6层的洋房，纯中庭位置,嘉裕第六洲龙泽台 ,崇州,3室2厅 | 125.06平米 | 南 | 毛坯 | 中楼层(共9层)  | 板楼,3人关注 / 2个月以前发布,98.5,7877.0,3室2厅 , 125.06平米 , 南 , 毛坯 , 中楼层(共9层)  , 板楼, 中楼层,9.0,0,0,0,0,0,1,0,0,0,0,0,False,False,False,False,False,False,True,False,False,False,False,False,True,False,False,False,True,False,False
39,嘉裕第六洲龙泽台 清水跃层户型 洋房小区 全新小区,嘉裕第六洲龙泽台 ,崇州,4室2厅 | 155.52平米 | 东南 | 毛坯 | 高楼层(共7层)  | 板楼,0人关注 / 2个月以前发布,180.0,11575.0,4室2厅 , 155.52平米 , 东南 , 毛坯 , 高楼层(共7层)  , 板楼, 高楼层,7.0,0,0,0,0,0,0,0,1,0,0,0,False,False,False,False,True,False,False,False,False,False,False,False,True,False,False,False,False,False,True
40,嘉裕第六洲龙泽台 3室2厅 94.5万,嘉裕第六洲龙泽台 ,崇州,3室2厅 | 125.12平米 | 东南 | 毛坯 | 中楼层(共7层)  | 板楼,3人关注 / 1个月以前发布,94.5,7553.0,3室2厅 , 125.12平米 , 东南 , 毛坯 , 中楼层(共7层)  , 板楼, 中楼层,7.0,0,0,0,0,0,1,0,0,0,0,0,False,False,False,False,True,False,False,False,False,False,False,False,True,False,False,False,True,False,False
41,嘉裕第六洲龙泽台 3室2厅 125万,嘉裕第六洲龙泽台 ,崇州,3室2厅 | 125.59平米 | 南 | 其他 | 高楼层(共9层)  | 板楼,0人关注 / 1个月以前发布,125.0,9954.0,3室2厅 , 125.59平米 , 南 , 其他 , 高楼层(共9层)  , 板楼, 高楼层,9.0,0,0,0,0,0,1,0,0,0,0,0,False,False,False,False,False,False,True,False,False,False,False,True,False,False,False,False,False,False,True
42,嘉裕洋房，板式1梯2户，证在手，小区自带2800亩公园,嘉裕第六洲龙泽台 ,崇州,3室2厅 | 125.13平米 | 南 | 毛坯 | 中楼层(共9层)  | 板楼,0人关注 / 1个月以前发布,100.0,7992.0,3室2厅 , 125.13平米 , 南 , 毛坯 , 中楼层(共9层)  , 板楼, 中楼层,9.0,0,0,0,0,0,1,0,0,0,0,0,False,False,False,False,False,False,True,False,False,False,False,False,True,False,False,False,True,False,False
44,嘉裕第六洲龙泽台 3室2厅 102万,嘉裕第六洲龙泽台 ,崇州,3室2厅 | 125.6平米 | 东南 | 毛坯 | 高楼层(共9层)  | 暂无数据,0人关注 / 1个月以前发布,102.0,8122.0,3室2厅 , 125.6平米 , 东南 , 毛坯 , 高楼层(共9层)  , 暂无数据, 高楼层,9.0,0,0,0,0,0,1,0,0,0,0,0,False,False,False,False,True,False,False,False,False,False,False,False,True,False,False,False,False,False,True
45,洋房6＋1，成都经济生活圈，高品质生活。,嘉裕第六洲龙泽台 ,崇州,4室2厅 | 161.11平米 | 西南 | 其他 | 高楼层(共9层)  | 板楼,1人关注 / 1个月以前发布,163.0,10118.0,4室2厅 , 161.11平米 , 西南 , 其他 , 高楼层(共9层)  , 板楼, 高楼层,9.0,0,0,0,0,0,0,0,1,0,0,0,False,False,False,False,False,False,False,False,False,False,True,True,False,False,False,False,False,False,True
46,清水大套三双卫双阳台，采光无遮挡，户型方正，,嘉裕第六洲龙泽台 ,崇州,3室2厅 | 125.8平米 | 东南 | 毛坯 | 中楼层(共7层)  | 板楼,0人关注 / 1个月以前发布,115.0,9142.0,3室2厅 , 125.8平米 , 东南 , 毛坯 , 中楼层(共7层)  , 板楼, 中楼层,7.0,0,0,0,0,0,1,0,0,0,0,0,False,False,False,False,True,False,False,False,False,False,False,False,True,False,False,False,True,False,False
48,嘉裕第六洲龙泽台 3室2厅 105万,嘉裕第六洲龙泽台 ,崇州,3室2厅 | 126.8平米 | 西南 | 其他 | 中楼层(共6层)  | 暂无数据,3人关注 / 1个月以前发布,105.0,8281.0,3室2厅 , 126.8平米 , 西南 , 其他 , 中楼层(共6层)  , 暂无数据, 中楼层,6.0,0,0,0,0,0,1,0,0,0,0,0,False,False,False,False,False,False,False,False,False,False,True,True,False,False,False,False,True,False,False
49,嘉裕第六洲龙泽台 3室2厅 90万,嘉裕第六洲龙泽台 ,崇州,3室2厅 | 125平米 | 东南 | 其他 | 中楼层(共7层)  | 板楼,6人关注 / 1个月以前发布,90.0,7200.0,3室2厅 , 125平米 , 东南 , 其他 , 中楼层(共7层)  , 板楼, 中楼层,7.0,0,0,0,0,0,1,0,0,0,0,0,False,False,False,False,True,False,False,False,False,False,False,True,False,False,False,False,True,False,False
50,嘉裕第六洲龙泽台 清水大套三双卫 洋房小区,嘉裕第六洲龙泽台 ,崇州,3室2厅 | 125平米 | 东 | 其他 | 中楼层(共9层)  | 板楼,0人关注 / 1个月以前发布,94.0,7520.0,3室2厅 , 125平米 , 东 , 其他 , 中楼层(共9层)  , 板楼, 中楼层,9.0,0,0,0,0,0,1,0,0,0,0,0,True,False,False,False,False,False,False,False,False,False,False,True,False,False,False,False,True,False,False
51,羊马新城品质洋房，中间楼层，您值得拥有。,嘉裕第六洲龙泽台 ,崇州,3室2厅 | 125平米 | 南 | 其他 | 低楼层(共9层)  | 暂无数据,0人关注 / 1个月以前发布,95.0,7600.0,3室2厅 , 125平米 , 南 , 其他 , 低楼层(共9层)  , 暂无数据, 低楼层,9.0,0,0,0,0,0,1,0,0,0,0,0,False,False,False,False,False,False,True,False,False,False,False,True,False,False,False,False,False,True,False
53,嘉裕第六洲 电梯花园洋房 中庭 羊马新城 2800亩湿地,嘉裕第六洲龙泽台 ,崇州,3室2厅 | 125.8平米 | 南 | 其他 | 中楼层(共9层)  | 暂无数据,1人关注 / 1个月以前发布,98.0,7791.0,3室2厅 , 125.8平米 , 南 , 其他 , 中楼层(共9层)  , 暂无数据, 中楼层,9.0,0,0,0,0,0,1,0,0,0,0,0,False,False,False,False,False,False,True,False,False,False,False,True,False,False,False,False,True,False,False
54,嘉裕第六洲龙泽台 3室2厅 110万,嘉裕第六洲龙泽台 ,崇州,3室2厅 | 125.8平米 | 南 | 其他 | 高楼层(共9层)  | 暂无数据,1人关注 / 1个月以前发布,110.0,8745.0,3室2厅 , 125.8平米 , 南 , 其他 , 高楼层(共9层)  , 暂无数据, 高楼层,9.0,0,0,0,0,0,1,0,0,0,0,0,False,False,False,False,False,False,True,False,False,False,False,True,False,False,False,False,False,False,True
55,洋房品质小区，户型设计方正，采光良好,嘉裕第六洲龙泽台 ,崇州,3室2厅 | 203.44平米 | 南 | 毛坯 | 低楼层(共9层)  | 暂无数据,8人关注 / 1个月以前发布,140.0,6882.0,3室2厅 , 203.44平米 , 南 , 毛坯 , 低楼层(共9层)  , 暂无数据, 低楼层,9.0,0,0,0,0,0,1,0,0,0,0,0,False,False,False,False,False,False,True,False,False,False,False,False,True,False,False,False,False,True,False
56,花园洋房 一楼跃负一楼  采光极好,嘉裕第六洲龙泽台 ,崇州,4室2厅 | 222.05平米 | 东南 | 其他 | 低楼层(共7层)  | 暂无数据,1人关注 / 31天以前发布,230.0,10359.0,4室2厅 , 222.05平米 , 东南 , 其他 , 低楼层(共7层)  , 暂无数据, 低楼层,7.0,0,0,0,0,0,0,0,1,0,0,0,False,False,False,False,True,False,False,False,False,False,False,True,False,False,False,False,False,True,False
58,龙泽台带楼下地下室， 有花园，房间大,嘉裕第六洲龙泽台 ,崇州,4室2厅 | 204.79平米 | 东 | 毛坯 | 低楼层(共6层)  | 暂无数据,2人关注 / 1个月以前发布,185.0,9034.0,4室2厅 , 204.79平米 , 东 , 毛坯 , 低楼层(共6层)  , 暂无数据, 低楼层,6.0,0,0,0,0,0,0,0,1,0,0,0,True,False,False,False,False,False,False,False,False,False,False,False,True,False,False,False,False,True,False
60,嘉裕第六洲龙泽台 4室2厅 210万,嘉裕第六洲龙泽台 ,崇州,4室2厅 | 225.51平米 | 东 | 毛坯 | 低楼层(共6层)  | 暂无数据,0人关注 / 1个月以前发布,210.0,9313.0,4室2厅 , 225.51平米 , 东 , 毛坯 , 低楼层(共6层)  , 暂无数据, 低楼层,6.0,0,0,0,0,0,0,0,1,0,0,0,True,False,False,False,False,False,False,False,False,False,False,False,True,False,False,False,False,True,False
61,电梯花园洋房 新小区 品质居住 2800亩湿地公园旁,嘉裕第六洲龙泽台 ,崇州,4室2厅 | 161.98平米 | 南 | 毛坯 | 高楼层(共9层)  | 暂无数据,0人关注 / 1个月以前发布,180.0,11113.0,4室2厅 , 161.98平米 , 南 , 毛坯 , 高楼层(共9层)  , 暂无数据, 高楼层,9.0,0,0,0,0,0,0,0,1,0,0,0,False,False,False,False,False,False,True,False,False,False,False,False,True,False,False,False,False,False,True
63,嘉裕第六洲龙泽台 3室2厅 140万,嘉裕第六洲龙泽台 ,崇州,3室2厅 | 126平米 | 南 | 其他 | 低楼层(共9层)  | 板楼,3人关注 / 2个月以前发布,140.0,11112.0,3室2厅 , 126平米 , 南 , 其他 , 低楼层(共9层)  , 板楼, 低楼层,9.0,0,0,0,0,0,1,0,0,0,0,0,False,False,False,False,False,False,True,False,False,False,False,True,False,False,False,False,False,True,False
64,嘉裕第六洲龙泽台 4室2厅 140万,嘉裕第六洲龙泽台 ,崇州,4室2厅 | 160平米 | 南 | 毛坯 | 高楼层(共9层)  | 板楼,12人关注 / 1个月以前发布,140.0,8750.0,4室2厅 , 160平米 , 南 , 毛坯 , 高楼层(共9层)  , 板楼, 高楼层,9.0,0,0,0,0,0,0,0,1,0,0,0,False,False,False,False,False,False,True,False,False,False,False,False,True,False,False,False,False,False,True
65,房子欧式装修  套四双卫  不临街,西蜀御景二期 ,崇州,4室2厅 | 118.78平米 | 南 | 其他 | 低楼层(共13层)  | 暂无数据,6人关注 / 2个月以前发布,95.0,7998.0,4室2厅 , 118.78平米 , 南 , 其他 , 低楼层(共13层)  , 暂无数据, 低楼层,13.0,0,0,0,0,0,0,0,1,0,0,0,False,False,False,False,False,False,True,False,False,False,False,True,False,False,False,False,False,True,False
66,居家和养老。小区鸟语花香，楼距开阔视野好，洋房。,嘉裕第六洲龙泽台 ,崇州,3室2厅 | 125.17平米 | 东南 | 其他 | 中楼层(共9层)  | 板楼,5人关注 / 2个月以前发布,118.0,9428.0,3室2厅 , 125.17平米 , 东南 , 其他 , 中楼层(共9层)  , 板楼, 中楼层,9.0,0,0,0,0,0,1,0,0,0,0,0,False,False,False,False,True,False,False,False,False,False,False,True,False,False,False,False,True,False,False
67,嘉裕第六洲龙泽台 3室2厅 105万,嘉裕第六洲龙泽台 ,崇州,3室2厅 | 125平米 | 西南 | 其他 | 中楼层(共9层)  | 板楼,0人关注 / 2个月以前发布,105.0,8400.0,3室2厅 , 125平米 , 西南 , 其他 , 中楼层(共9层)  , 板楼, 中楼层,9.0,0,0,0,0,0,1,0,0,0,0,0,False,False,False,False,False,False,False,False,False,False,True,True,False,False,False,False,True,False,False
69,嘉裕第六洲龙泽台 3室2厅 180万,嘉裕第六洲龙泽台 ,崇州,3室2厅 | 161平米 | 南 | 其他 | 高楼层(共9层)  | 板楼,0人关注 / 1个月以前发布,180.0,11181.0,3室2厅 , 161平米 , 南 , 其他 , 高楼层(共9层)  , 板楼, 高楼层,9.0,0,0,0,0,0,1,0,0,0,0,0,False,False,False,False,False,False,True,False,False,False,False,True,False,False,False,False,False,False,True
70,嘉裕开发优质洋房小区临中庭安静中楼层采光通风,嘉裕第六洲龙泽台 ,崇州,3室1厅 | 126.27平米 | 东南 | 其他 | 中楼层(共9层)  | 板楼,1人关注 / 1个月以前发布,110.0,8712.0,3室1厅 , 126.27平米 , 东南 , 其他 , 中楼层(共9层)  , 板楼, 中楼层,9.0,0,0,0,0,1,0,0,0,0,0,0,False,False,False,False,True,False,False,False,False,False,False,True,False,False,False,False,True,False,False
71,嘉裕第六洲龙泽台 4室2厅 153万,嘉裕第六洲龙泽台 ,崇州,4室2厅 | 202平米 | 南 | 毛坯 | 低楼层(共9层)  | 暂无数据,0人关注 / 1个月以前发布,153.0,7575.0,4室2厅 , 202平米 , 南 , 毛坯 , 低楼层(共9层)  , 暂无数据, 低楼层,9.0,0,0,0,0,0,0,0,1,0,0,0,False,False,False,False,False,False,True,False,False,False,False,False,True,False,False,False,False,True,False
72,嘉裕第六洲龙泽台 4室2厅 200万,嘉裕第六洲龙泽台 ,崇州,4室2厅 | 225.4平米 | 东北 | 其他 | 低楼层(共6层)  | 暂无数据,0人关注 / 1个月以前发布,200.0,8874.0,4室2厅 , 225.4平米 , 东北 , 其他 , 低楼层(共6层)  , 暂无数据, 低楼层,6.0,0,0,0,0,0,0,0,1,0,0,0,False,False,False,True,False,False,False,False,False,False,False,True,False,False,False,False,False,True,False
73,嘉裕第六洲龙泽台 3室2厅 95万,嘉裕第六洲龙泽台 ,崇州,3室2厅 | 126.05平米 | 西北 | 其他 | 中楼层(共6层)  | 暂无数据,4人关注 / 1个月以前发布,95.0,7537.0,3室2厅 , 126.05平米 , 西北 , 其他 , 中楼层(共6层)  , 暂无数据, 中楼层,6.0,0,0,0,0,0,1,0,0,0,0,0,False,False,False,False,False,False,False,False,False,True,False,True,False,False,False,False,True,False,False
75,西蜀御景二期 2室1厅 68万,西蜀御景二期 ,崇州,2室1厅 | 97平米 | 东南 | 简装 | 中楼层(共18层)  | 暂无数据,1人关注 / 2个月以前发布,68.0,7011.0,2室1厅 , 97平米 , 东南 , 简装 , 中楼层(共18层)  , 暂无数据, 中楼层,18.0,0,0,1,0,0,0,0,0,0,0,0,False,False,False,False,True,False,False,False,False,False,False,False,False,True,False,False,True,False,False
81,别墅小区上叠户型，精装修，屋顶带花园,嘉裕第六洲 ,崇州,4室2厅 | 141.7平米 | 东南 | 精装 | 低楼层(共3层)  | 板楼,2人关注 / 2个月以前发布,210.0,14821.0,4室2厅 , 141.7平米 , 东南 , 精装 , 低楼层(共3层)  , 板楼, 低楼层,3.0,0,0,0,0,0,0,0,1,0,0,0,False,False,False,False,True,False,False,False,False,False,False,False,False,False,True,False,False,True,False
82,纯别墅，精装修，3层楼，拎包入住，带花园,嘉裕第六洲 ,崇州,5室2厅 | 142.29平米 | 南 | 精装 | 中楼层(共4层)  | 板楼,14人关注 / 2个月以前发布,220.0,15462.0,5室2厅 , 142.29平米 , 南 , 精装 , 中楼层(共4层)  , 板楼, 中楼层,4.0,0,0,0,0,0,0,0,0,1,0,0,False,False,False,False,False,False,True,False,False,False,False,False,False,False,True,False,True,False,False
83,嘉裕第六洲 3室2厅 280万,嘉裕第六洲 ,崇州,3室2厅 | 183平米 | 南 | 其他 | 低楼层(共1层)  | 板楼,0人关注 / 24天以前发布,280.0,15301.0,3室2厅 , 183平米 , 南 , 其他 , 低楼层(共1层)  , 板楼, 低楼层,1.0,0,0,0,0,0,1,0,0,0,0,0,False,False,False,False,False,False,True,False,False,False,False,True,False,False,False,False,False,True,False
84,嘉裕第六洲 装修下叠 户型方正 业主诚心出售,嘉裕第六洲 ,崇州,4室2厅 | 159.62平米 | 南 | 精装 | 低楼层(共4层)  | 板楼,7人关注 / 8个月以前发布,245.0,15349.0,4室2厅 , 159.62平米 , 南 , 精装 , 低楼层(共4层)  , 板楼, 低楼层,4.0,0,0,0,0,0,0,0,1,0,0,0,False,False,False,False,False,False,True,False,False,False,False,False,False,False,True,False,False,True,False
85,青城神韵 清水房 出行方便 街子古镇,青城神韵一期 ,崇州,2室1厅 | 65.46平米 | 南 北 | 其他 | 低楼层(共3层)  | 暂无数据,8人关注 / 6个月以前发布,66.0,10083.0,2室1厅 , 65.46平米 , 南 北 , 其他 , 低楼层(共3层)  , 暂无数据, 低楼层,3.0,0,0,1,0,0,0,0,0,0,0,0,False,False,False,False,False,False,False,True,False,False,False,True,False,False,False,False,False,True,False
86,嘉裕第六洲 4室2厅 310万,嘉裕第六洲 ,崇州,4室2厅 | 183平米 | 南 北 | 毛坯 | 低楼层(共3层)  | 板楼,1人关注 / 4个月以前发布,310.0,16940.0,4室2厅 , 183平米 , 南 北 , 毛坯 , 低楼层(共3层)  , 板楼, 低楼层,3.0,0,0,0,0,0,0,0,1,0,0,0,False,False,False,False,False,False,False,True,False,False,False,False,True,False,False,False,False,True,False
91,嘉裕第六洲 小区档次高，环境幽静，绿化高,嘉裕第六洲 ,崇州,4室2厅 | 188.2平米 | 南 | 毛坯 | 3层  | 板楼,13人关注 / 6个月以前发布,280.0,14878.0,4室2厅 , 188.2平米 , 南 , 毛坯 , 3层  , 板楼, 3层  ,3.0,0,0,0,0,0,0,0,1,0,0,0,False,False,False,False,False,False,True,False,False,False,False,False,True,False,False,True,False,False,False
93,房子是别墅小区的叠拼户型，小区环境安静，安全性高,嘉裕第六洲 ,崇州,4室2厅 | 141.5平米 | 东南 | 毛坯 | 中楼层(共4层)  | 板楼,9人关注 / 4个月以前发布,169.0,11944.0,4室2厅 , 141.5平米 , 东南 , 毛坯 , 中楼层(共4层)  , 板楼, 中楼层,4.0,0,0,0,0,0,0,0,1,0,0,0,False,False,False,False,True,False,False,False,False,False,False,False,True,False,False,False,True,False,False
96,羊马湿地公园斑斓屿联排清水330万中间位置环境漂亮,嘉裕第六洲 ,崇州,4室2厅 | 182平米 | 南 | 其他 | 低楼层(共3层)  | 板楼,0人关注 / 2个月以前发布,330.0,18132.0,4室2厅 , 182平米 , 南 , 其他 , 低楼层(共3层)  , 板楼, 低楼层,3.0,0,0,0,0,0,0,0,1,0,0,0,False,False,False,False,False,False,True,False,False,False,False,True,False,False,False,False,False,True,False
97,嘉裕第六洲 4室2厅 290万,嘉裕第六洲 ,崇州,4室2厅 | 180平米 | 东南 | 其他 | 低楼层(共3层)  | 板楼,2人关注 / 2个月以前发布,290.0,16112.0,4室2厅 , 180平米 , 东南 , 其他 , 低楼层(共3层)  , 板楼, 低楼层,3.0,0,0,0,0,0,0,0,1,0,0,0,False,False,False,False,True,False,False,False,False,False,False,True,False,False,False,False,False,True,False
100,嘉裕第六洲 4室2厅 180万,嘉裕第六洲 ,崇州,4室2厅 | 140平米 | 东南 | 其他 | 中楼层(共4层)  | 板楼,1人关注 / 1个月以前发布,180.0,12858.0,4室2厅 , 140平米 , 东南 , 其他 , 中楼层(共4层)  , 板楼, 中楼层,4.0,0,0,0,0,0,0,0,1,0,0,0,False,False,False,False,True,False,False,False,False,False,False,True,False,False,False,False,True,False,False
101,别墅小区双拼户型，转角大花园，屋顶带花园,嘉裕第六洲 ,崇州,5室2厅 | 183.71平米 | 东南 | 毛坯 | 低楼层(共3层)  | 板楼,0人关注 / 1个月以前发布,330.0,17964.0,5室2厅 , 183.71平米 , 东南 , 毛坯 , 低楼层(共3层)  , 板楼, 低楼层,3.0,0,0,0,0,0,0,0,0,1,0,0,False,False,False,False,True,False,False,False,False,False,False,False,True,False,False,False,False,True,False
102,崇州 滨江新城小区 套三双卫跃层 真洋房 带花园,滨江新城小区 ,崇州,3室1厅 | 138平米 | 东南 | 精装 | 中楼层(共5层)  | 暂无数据,7人关注 / 10个月以前发布,135.0,9783.0,3室1厅 , 138平米 , 东南 , 精装 , 中楼层(共5层)  , 暂无数据, 中楼层,5.0,0,0,0,0,1,0,0,0,0,0,0,False,False,False,False,True,False,False,False,False,False,False,False,False,False,True,False,True,False,False
104,嘉裕的双拼别墅来了 布局合理价格实惠就等有眼光的您,嘉裕第六洲 ,崇州,6室3厅 | 301.82平米 | 南 | 其他 | 低楼层(共3层)  | 板楼,4人关注 / 3个月以前发布,360.0,11928.0,6室3厅 , 301.82平米 , 南 , 其他 , 低楼层(共3层)  , 板楼, 低楼层,3.0,0,0,0,0,0,0,0,0,0,0,1,False,False,False,False,False,False,True,False,False,False,False,True,False,False,False,False,False,True,False
105,城在公园里 端头联排 享2000余亩生态湿地公园,嘉裕第六洲 ,崇州,4室2厅 | 213平米 | 南 北 | 毛坯 | 低楼层(共3层)  | 板楼,2人关注 / 2个月以前发布,350.0,16432.0,4室2厅 , 213平米 , 南 北 , 毛坯 , 低楼层(共3层)  , 板楼, 低楼层,3.0,0,0,0,0,0,0,0,1,0,0,0,False,False,False,False,False,False,False,True,False,False,False,False,True,False,False,False,False,True,False
106,城长在自然里 联排端头带转角大花园,嘉裕第六洲 ,崇州,4室2厅 | 225平米 | 南 北 | 毛坯 | 低楼层(共3层)  | 板楼,1人关注 / 2个月以前发布,360.0,16000.0,4室2厅 , 225平米 , 南 北 , 毛坯 , 低楼层(共3层)  , 板楼, 低楼层,3.0,0,0,0,0,0,0,0,1,0,0,0,False,False,False,False,False,False,False,True,False,False,False,False,True,False,False,False,False,True,False
107,嘉裕第六洲 4室2厅 600万,嘉裕第六洲 ,崇州,4室2厅 | 180平米 | 东南 | 其他 | 低楼层(共2层)  | 板楼,2人关注 / 1个月以前发布,600.0,33334.0,4室2厅 , 180平米 , 东南 , 其他 , 低楼层(共2层)  , 板楼, 低楼层,2.0,0,0,0,0,0,0,0,1,0,0,0,False,False,False,False,True,False,False,False,False,False,False,True,False,False,False,False,False,True,False
110,蜀山栖镇 1室1厅 48万,蜀山栖镇 ,崇州,1室1厅 | 48.35平米 | 南 | 其他 | 高楼层(共4层)  | 暂无数据,7人关注 / 5个月以前发布,48.0,9928.0,1室1厅 , 48.35平米 , 南 , 其他 , 高楼层(共4层)  , 暂无数据, 高楼层,4.0,1,0,0,0,0,0,0,0,0,0,0,False,False,False,False,False,False,True,False,False,False,False,True,False,False,False,False,False,False,True
111,嘉裕第六洲龙泽台 3室2厅 90万,嘉裕第六洲龙泽台 ,崇州,3室2厅 | 125.57平米 | 东南 | 毛坯 | 中楼层(共9层)  | 暂无数据,2人关注 / 10天以前发布,90.0,7168.0,3室2厅 , 125.57平米 , 东南 , 毛坯 , 中楼层(共9层)  , 暂无数据, 中楼层,9.0,0,0,0,0,0,1,0,0,0,0,0,False,False,False,False,True,False,False,False,False,False,False,False,True,False,False,False,True,False,False
112,嘉裕第六洲 电梯洋房 跃层带花园 羊马新城 2800亩湿地,嘉裕第六洲龙泽台 ,崇州,3室2厅 | 204.77平米 | 东 东南 | 毛坯 | 低楼层(共7层)  | 暂无数据,0人关注 / 6天以前发布,166.0,8107.0,3室2厅 , 204.77平米 , 东 东南 , 毛坯 , 低楼层(共7层)  , 暂无数据, 低楼层,7.0,0,0,0,0,0,1,0,0,0,0,0,False,True,False,False,False,False,False,False,False,False,False,False,True,False,False,False,False,True,False
113,嘉裕第六洲龙泽台 3室2厅 84.5万,嘉裕第六洲龙泽台 ,崇州,3室2厅 | 106平米 | 南 | 毛坯 | 低楼层(共7层)  | 板楼,1人关注 / 1天以前发布,84.5,7972.0,3室2厅 , 106平米 , 南 , 毛坯 , 低楼层(共7层)  , 板楼, 低楼层,7.0,0,0,0,0,0,1,0,0,0,0,0,False,False,False,False,False,False,True,False,False,False,False,False,True,False,False,False,False,True,False
115,蜀山栖镇 3室2厅 226万,蜀山栖镇 ,崇州,3室2厅 | 146.67平米 | 南 北 | 其他 | 低楼层(共3层)  | 暂无数据,0人关注 / 28天以前发布,226.0,15409.0,3室2厅 , 146.67平米 , 南 北 , 其他 , 低楼层(共3层)  , 暂无数据, 低楼层,3.0,0,0,0,0,0,1,0,0,0,0,0,False,False,False,False,False,False,False,True,False,False,False,True,False,False,False,False,False,True,False
116,愿景春之雪 3室2厅 81.8万,愿景春之雪 ,崇州,3室2厅 | 124.34平米 | 南 | 精装 | 高楼层(共7层)  | 板楼,0人关注 / 25天以前发布,81.8,6579.0,3室2厅 , 124.34平米 , 南 , 精装 , 高楼层(共7层)  , 板楼, 高楼层,7.0,0,0,0,0,0,1,0,0,0,0,0,False,False,False,False,False,False,True,False,False,False,False,False,False,False,True,False,False,False,True
117,上林西江国际社区 3室2厅 99.9万,上林西江国际社区 ,崇州,3室2厅 | 121.89平米 | 西北 | 其他 | 中楼层(共18层)  | 板楼,3人关注 / 3个月以前发布,99.9,8196.0,3室2厅 , 121.89平米 , 西北 , 其他 , 中楼层(共18层)  , 板楼, 中楼层,18.0,0,0,0,0,0,1,0,0,0,0,0,False,False,False,False,False,False,False,False,False,True,False,True,False,False,False,False,True,False,False
118,青城神韵一期 4室2厅 82万,青城神韵一期 ,崇州,4室2厅 | 88平米 | 东南 | 其他 | 低楼层(共3层)  | 暂无数据,0人关注 / 2个月以前发布,82.0,9319.0,4室2厅 , 88平米 , 东南 , 其他 , 低楼层(共3层)  , 暂无数据, 低楼层,3.0,0,0,0,0,0,0,0,1,0,0,0,False,False,False,False,True,False,False,False,False,False,False,True,False,False,False,False,False,True,False
119,崇州市区别墅，居家装修，。。。。。。。。。,乐瑞街4号 ,崇州,4室2厅 | 319平米 | 东南 | 精装 | 低楼层(共2层)  | 暂无数据,3人关注 / 2个月以前发布,268.0,8402.0,4室2厅 , 319平米 , 东南 , 精装 , 低楼层(共2层)  , 暂无数据, 低楼层,2.0,0,0,0,0,0,0,0,1,0,0,0,False,False,False,False,True,False,False,False,False,False,False,False,False,False,True,False,False,True,False
121,蜀山栖镇 2室2厅 145万,蜀山栖镇 ,崇州,2室2厅 | 94.34平米 | 西 | 其他 | 低楼层(共2层)  | 暂无数据,0人关注 / 4天以前发布,145.0,15370.0,2室2厅 , 94.34平米 , 西 , 其他 , 低楼层(共2层)  , 暂无数据, 低楼层,2.0,0,0,0,1,0,0,0,0,0,0,0,False,False,False,False,False,False,False,False,True,False,False,True,False,False,False,False,False,True,False
122,青城神韵一期 1室1厅 33.5万,青城神韵一期 ,崇州,1室1厅 | 39.72平米 | 东 | 其他 | 低楼层(共2层)  | 暂无数据,0人关注 / 1天以前发布,33.5,8435.0,1室1厅 , 39.72平米 , 东 , 其他 , 低楼层(共2层)  , 暂无数据, 低楼层,2.0,1,0,0,0,0,0,0,0,0,0,0,True,False,False,False,False,False,False,False,False,False,False,True,False,False,False,False,False,True,False
124,房子是独栋别墅，小区环境安静，安全性高,嘉裕第六洲 ,崇州,5室2厅 | 186平米 | 东南 | 精装 | 低楼层(共3层)  | 板楼,10人关注 / 8个月以前发布,440.0,23656.0,5室2厅 , 186平米 , 东南 , 精装 , 低楼层(共3层)  , 板楼, 低楼层,3.0,0,0,0,0,0,0,0,0,1,0,0,False,False,False,False,True,False,False,False,False,False,False,False,False,False,True,False,False,True,False
128,嘉裕第六洲龙泽台 3室2厅 120万,嘉裕第六洲龙泽台 ,崇州,3室2厅 | 126.05平米 | 南 | 毛坯 | 中楼层(共6层)  | 板楼,0人关注 / 1个月以前发布,120.0,9521.0,3室2厅 , 126.05平米 , 南 , 毛坯 , 中楼层(共6层)  , 板楼, 中楼层,6.0,0,0,0,0,0,1,0,0,0,0,0,False,False,False,False,False,False,True,False,False,False,False,False,True,False,False,False,True,False,False
129,满五唯一，中间楼层可拎包入住，小区生活设施完善，,一品江山 ,崇州,1室1厅 | 47平米 | 南 北 | 简装 | 中楼层(共14层)  | 板楼,0人关注 / 31天以前发布,40.0,8511.0,1室1厅 , 47平米 , 南 北 , 简装 , 中楼层(共14层)  , 板楼, 中楼层,14.0,1,0,0,0,0,0,0,0,0,0,0,False,False,False,False,False,False,False,True,False,False,False,False,False,True,False,False,True,False,False
130,昙云雅居 2室2厅 52万,昙云雅居 ,崇州,2室2厅 | 89平米 | 南 | 毛坯 | 低楼层(共3层)  | 板塔结合,1人关注 / 30天以前发布,52.0,5843.0,2室2厅 , 89平米 , 南 , 毛坯 , 低楼层(共3层)  , 板塔结合, 低楼层,3.0,0,0,0,1,0,0,0,0,0,0,0,False,False,False,False,False,False,True,False,False,False,False,False,True,False,False,False,False,True,False
133,蜀山栖镇 2室1厅 128万,蜀山栖镇 ,崇州,2室1厅 | 95.73平米 | 西南 | 其他 | 低楼层(共3层)  | 暂无数据,0人关注 / 3个月以前发布,128.0,13371.0,2室1厅 , 95.73平米 , 西南 , 其他 , 低楼层(共3层)  , 暂无数据, 低楼层,3.0,0,0,1,0,0,0,0,0,0,0,0,False,False,False,False,False,False,False,False,False,False,True,True,False,False,False,False,False,True,False
136,青城神韵一期 1室2厅 42.3万,青城神韵一期 ,崇州,1室2厅 | 46.04平米 | 西南 | 其他 | 低楼层(共3层)  | 暂无数据,3人关注 / 1个月以前发布,42.3,9188.0,1室2厅 , 46.04平米 , 西南 , 其他 , 低楼层(共3层)  , 暂无数据, 低楼层,3.0,0,1,0,0,0,0,0,0,0,0,0,False,False,False,False,False,False,False,False,False,False,True,True,False,False,False,False,False,True,False
137,青城神韵一期 2室2厅 67万,青城神韵一期 ,崇州,2室2厅 | 66.24平米 | 东南 西北 | 其他 | 低楼层(共3层)  | 暂无数据,0人关注 / 1个月以前发布,67.0,10115.0,2室2厅 , 66.24平米 , 东南 西北 , 其他 , 低楼层(共3层)  , 暂无数据, 低楼层,3.0,0,0,0,1,0,0,0,0,0,0,0,False,False,False,False,False,True,False,False,False,False,False,True,False,False,False,False,False,True,False
138,青城神韵一期 3室2厅 85万,青城神韵一期 ,崇州,3室2厅 | 76.2平米 | 东 西 | 其他 | 低楼层(共1层)  | 暂无数据,1人关注 / 1个月以前发布,85.0,11155.0,3室2厅 , 76.2平米 , 东 西 , 其他 , 低楼层(共1层)  , 暂无数据, 低楼层,1.0,0,0,0,0,0,1,0,0,0,0,0,False,False,True,False,False,False,False,False,False,False,False,True,False,False,False,False,False,True,False
139,昙云雅居 2室1厅 36万,昙云雅居 ,崇州,2室1厅 | 72.46平米 | 南 | 其他 | 低楼层(共1层)  | 板塔结合,2人关注 / 15天以前发布,36.0,4969.0,2室1厅 , 72.46平米 , 南 , 其他 , 低楼层(共1层)  , 板塔结合, 低楼层,1.0,0,0,1,0,0,0,0,0,0,0,0,False,False,False,False,False,False,True,False,False,False,False,True,False,False,False,False,False,True,False
141,嘉裕第六洲龙泽台 3室2厅 130万,嘉裕第六洲龙泽台 ,崇州,3室2厅 | 127.07平米 | 南 | 简装 | 高楼层(共7层)  | 板楼,0人关注 / 1个月以前发布,130.0,10231.0,3室2厅 , 127.07平米 , 南 , 简装 , 高楼层(共7层)  , 板楼, 高楼层,7.0,0,0,0,0,0,1,0,0,0,0,0,False,False,False,False,False,False,True,False,False,False,False,False,False,True,False,False,False,False,True
142,嘉裕第六洲龙泽台 4室2厅 175万,嘉裕第六洲龙泽台 ,崇州,4室2厅 | 157.24平米 | 南 | 其他 | 高楼层(共7层)  | 暂无数据,0人关注 / 1个月以前发布,175.0,11130.0,4室2厅 , 157.24平米 , 南 , 其他 , 高楼层(共7层)  , 暂无数据, 高楼层,7.0,0,0,0,0,0,0,0,1,0,0,0,False,False,False,False,False,False,True,False,False,False,False,True,False,False,False,False,False,False,True
143,嘉裕第六洲龙泽台 3室2厅 125万,嘉裕第六洲龙泽台 ,崇州,3室2厅 | 126.74平米 | 南 | 其他 | 中楼层(共6层)  | 板楼,0人关注 / 1个月以前发布,125.0,9863.0,3室2厅 , 126.74平米 , 南 , 其他 , 中楼层(共6层)  , 板楼, 中楼层,6.0,0,0,0,0,0,1,0,0,0,0,0,False,False,False,False,False,False,True,False,False,False,False,True,False,False,False,False,True,False,False
144,新小区环境好，装修套三，户型方正，电梯洋房,嘉裕第六洲龙泽台 ,崇州,3室2厅 | 125.15平米 | 东南 | 其他 | 中楼层(共9层)  | 暂无数据,0人关注 / 1个月以前发布,120.0,9589.0,3室2厅 , 125.15平米 , 东南 , 其他 , 中楼层(共9层)  , 暂无数据, 中楼层,9.0,0,0,0,0,0,1,0,0,0,0,0,False,False,False,False,True,False,False,False,False,False,False,True,False,False,False,False,True,False,False
145,嘉裕第六洲龙泽台 3室1厅 158万,嘉裕第六洲龙泽台 ,崇州,3室1厅 | 161.98平米 | 东南 | 其他 | 高楼层(共9层)  | 暂无数据,0人关注 / 1个月以前发布,158.0,9755.0,3室1厅 , 161.98平米 , 东南 , 其他 , 高楼层(共9层)  , 暂无数据, 高楼层,9.0,0,0,0,0,1,0,0,0,0,0,0,False,False,False,False,True,False,False,False,False,False,False,True,False,False,False,False,False,False,True
146,嘉裕第六洲龙泽台 3室2厅 138万,嘉裕第六洲龙泽台 ,崇州,3室2厅 | 126.27平米 | 南 | 毛坯 | 高楼层(共9层)  | 暂无数据,0人关注 / 1个月以前发布,138.0,10929.0,3室2厅 , 126.27平米 , 南 , 毛坯 , 高楼层(共9层)  , 暂无数据, 高楼层,9.0,0,0,0,0,0,1,0,0,0,0,0,False,False,False,False,False,False,True,False,False,False,False,False,True,False,False,False,False,False,True
147,嘉裕第六洲龙泽台 3室2厅 126万,嘉裕第六洲龙泽台 ,崇州,3室2厅 | 126.27平米 | 南 | 其他 | 中楼层(共9层)  | 暂无数据,0人关注 / 1个月以前发布,126.0,9979.0,3室2厅 , 126.27平米 , 南 , 其他 , 中楼层(共9层)  , 暂无数据, 中楼层,9.0,0,0,0,0,0,1,0,0,0,0,0,False,False,False,False,False,False,True,False,False,False,False,True,False,False,False,False,True,False,False
148,羊马新城，自带2000亩的湿地公园总高7层花园电梯洋房,嘉裕第六洲龙泽台 ,崇州,3室2厅 | 125平米 | 东南 | 其他 | 低楼层(共9层)  | 板楼,0人关注 / 1个月以前发布,120.0,9600.0,3室2厅 , 125平米 , 东南 , 其他 , 低楼层(共9层)  , 板楼, 低楼层,9.0,0,0,0,0,0,1,0,0,0,0,0,False,False,False,False,True,False,False,False,False,False,False,True,False,False,False,False,False,True,False
153,电梯洋房1梯两户享受2000亩湿地公园。看房提前联系,嘉裕第六洲龙泽台 ,崇州,3室2厅 | 125平米 | 西南 | 其他 | 中楼层(共9层)  | 板楼,0人关注 / 31天以前发布,150.0,12000.0,3室2厅 , 125平米 , 西南 , 其他 , 中楼层(共9层)  , 板楼, 中楼层,9.0,0,0,0,0,0,1,0,0,0,0,0,False,False,False,False,False,False,False,False,False,False,True,True,False,False,False,False,True,False,False
155,嘉裕第六洲龙泽台 3室1厅 165万,嘉裕第六洲龙泽台 ,崇州,3室1厅 | 162.19平米 | 东南 | 其他 | 高楼层(共9层)  | 暂无数据,0人关注 / 19天以前发布,165.0,10174.0,3室1厅 , 162.19平米 , 东南 , 其他 , 高楼层(共9层)  , 暂无数据, 高楼层,9.0,0,0,0,0,1,0,0,0,0,0,0,False,False,False,False,True,False,False,False,False,False,False,True,False,False,False,False,False,False,True
156,嘉裕第六洲龙泽台 3室2厅 223万,嘉裕第六洲龙泽台 ,崇州,3室2厅 | 202.09平米 | 东南 | 其他 | 低楼层(共9层)  | 暂无数据,0人关注 / 17天以前发布,223.0,11035.0,3室2厅 , 202.09平米 , 东南 , 其他 , 低楼层(共9层)  , 暂无数据, 低楼层,9.0,0,0,0,0,0,1,0,0,0,0,0,False,False,False,False,True,False,False,False,False,False,False,True,False,False,False,False,False,True,False
157,嘉裕第六洲龙泽台 3室2厅 105万,嘉裕第六洲龙泽台 ,崇州,3室2厅 | 125.13平米 | 东南 | 其他 | 中楼层(共9层)  | 暂无数据,0人关注 / 17天以前发布,105.0,8392.0,3室2厅 , 125.13平米 , 东南 , 其他 , 中楼层(共9层)  , 暂无数据, 中楼层,9.0,0,0,0,0,0,1,0,0,0,0,0,False,False,False,False,True,False,False,False,False,False,False,True,False,False,False,False,True,False,False
158,嘉裕第六洲龙泽台 4室2厅 135万,嘉裕第六洲龙泽台 ,崇州,4室2厅 | 204.72平米 | 东南 | 其他 | 低楼层(共6层)  | 暂无数据,4人关注 / 16天以前发布,135.0,6595.0,4室2厅 , 204.72平米 , 东南 , 其他 , 低楼层(共6层)  , 暂无数据, 低楼层,6.0,0,0,0,0,0,0,0,1,0,0,0,False,False,False,False,True,False,False,False,False,False,False,True,False,False,False,False,False,True,False
162,成熟配套 区域低价现房 交通出行便利,西蜀御景二期 ,崇州,4室2厅 | 166平米 | 西南 | 其他 | 高楼层(共18层)  | 塔楼,0人关注 / 3个月以前发布,90.0,5422.0,4室2厅 , 166平米 , 西南 , 其他 , 高楼层(共18层)  , 塔楼, 高楼层,18.0,0,0,0,0,0,0,0,1,0,0,0,False,False,False,False,False,False,False,False,False,False,True,True,False,False,False,False,False,False,True
163,嘉裕第六洲 4室2厅 260万,嘉裕第六洲 ,崇州,4室2厅 | 160平米 | 东南 | 其他 | 低楼层(共4层)  | 板楼,0人关注 / 1个月以前发布,260.0,16250.0,4室2厅 , 160平米 , 东南 , 其他 , 低楼层(共4层)  , 板楼, 低楼层,4.0,0,0,0,0,0,0,0,1,0,0,0,False,False,False,False,True,False,False,False,False,False,False,True,False,False,False,False,False,True,False
165,嘉裕第六洲龙泽台 2室2厅 150万,嘉裕第六洲龙泽台 ,崇州,2室2厅 | 202.84平米 | 南 | 毛坯 | 低楼层(共9层)  | 暂无数据,0人关注 / 1个月以前发布,150.0,7395.0,2室2厅 , 202.84平米 , 南 , 毛坯 , 低楼层(共9层)  , 暂无数据, 低楼层,9.0,0,0,0,1,0,0,0,0,0,0,0,False,False,False,False,False,False,True,False,False,False,False,False,True,False,False,False,False,True,False
166,上林西江国际社区 3室1厅 83万,上林西江国际社区 ,崇州,3室1厅 | 96.22平米 | 西北 | 简装 | 低楼层(共11层)  | 板楼,2人关注 / 1个月以前发布,83.0,8627.0,3室1厅 , 96.22平米 , 西北 , 简装 , 低楼层(共11层)  , 板楼, 低楼层,11.0,0,0,0,0,1,0,0,0,0,0,0,False,False,False,False,False,False,False,False,False,True,False,False,False,True,False,False,False,True,False
170,西江明珠 4室2厅 95万,西江明珠 ,崇州,4室2厅 | 133.74平米 | 东 西 | 精装 | 高楼层(共5层)  | 暂无数据,1人关注 / 2个月以前发布,95.0,7104.0,4室2厅 , 133.74平米 , 东 西 , 精装 , 高楼层(共5层)  , 暂无数据, 高楼层,5.0,0,0,0,0,0,0,0,1,0,0,0,False,False,True,False,False,False,False,False,False,False,False,False,False,False,True,False,False,False,True
171,愿景浣溪沙二期 3室2厅 110万,愿景浣溪沙二期 ,崇州,3室2厅 | 113.67平米 | 西南 | 精装 | 中楼层(共28层)  | 板塔结合,1人关注 / 2个月以前发布,110.0,9678.0,3室2厅 , 113.67平米 , 西南 , 精装 , 中楼层(共28层)  , 板塔结合, 中楼层,28.0,0,0,0,0,0,1,0,0,0,0,0,False,False,False,False,False,False,False,False,False,False,True,False,False,False,True,False,True,False,False
173,崇州  套四双卫  带屋顶花园  读书方便,唐安东路82号院 ,崇州,4室1厅 | 131.48平米 | 西南 | 精装 | 高楼层(共5层)  | 暂无数据,0人关注 / 2个月以前发布,88.0,6694.0,4室1厅 , 131.48平米 , 西南 , 精装 , 高楼层(共5层)  , 暂无数据, 高楼层,5.0,0,0,0,0,0,0,1,0,0,0,0,False,False,False,False,False,False,False,False,False,False,True,False,False,False,True,False,False,False,True
174,嘉裕第六洲龙泽台 4室2厅 225万,嘉裕第六洲龙泽台 ,崇州,4室2厅 | 237.64平米 | 南 | 毛坯 | 低楼层(共7层)  | 暂无数据,0人关注 / 1个月以前发布,225.0,9469.0,4室2厅 , 237.64平米 , 南 , 毛坯 , 低楼层(共7层)  , 暂无数据, 低楼层,7.0,0,0,0,0,0,0,0,1,0,0,0,False,False,False,False,False,False,True,False,False,False,False,False,True,False,False,False,False,True,False
175,嘉裕第六洲龙泽台花园洋房，清水大套三。,嘉裕第六洲龙泽台 ,崇州,3室2厅 | 126.8平米 | 东 | 毛坯 | 高楼层(共6层)  | 暂无数据,0人关注 / 1个月以前发布,130.0,10253.0,3室2厅 , 126.8平米 , 东 , 毛坯 , 高楼层(共6层)  , 暂无数据, 高楼层,6.0,0,0,0,0,0,1,0,0,0,0,0,True,False,False,False,False,False,False,False,False,False,False,False,True,False,False,False,False,False,True
177,嘉裕第六洲龙泽台 洋房底跃 清水带花园地下室 全款,嘉裕第六洲龙泽台 ,崇州,4室2厅 | 225.4平米 | 南 | 毛坯 | 低楼层(共6层)  | 板楼,0人关注 / 1个月以前发布,225.0,9983.0,4室2厅 , 225.4平米 , 南 , 毛坯 , 低楼层(共6层)  , 板楼, 低楼层,6.0,0,0,0,0,0,0,0,1,0,0,0,False,False,False,False,False,False,True,False,False,False,False,False,True,False,False,False,False,True,False
183,青城神韵小区 街子古镇  环境舒适,青城神韵一期 ,崇州,2室1厅 | 69平米 | 南 北 | 其他 | 低楼层(共3层)  | 暂无数据,0人关注 / 3个月以前发布,72.0,10435.0,2室1厅 , 69平米 , 南 北 , 其他 , 低楼层(共3层)  , 暂无数据, 低楼层,3.0,0,0,1,0,0,0,0,0,0,0,0,False,False,False,False,False,False,False,True,False,False,False,True,False,False,False,False,False,True,False
186,上林西江国际社区 3室1厅 92万,上林西江国际社区 ,崇州,3室1厅 | 93平米 | 南 北 | 简装 | 高楼层(共8层)  | 板楼,0人关注 / 2个月以前发布,92.0,9893.0,3室1厅 , 93平米 , 南 北 , 简装 , 高楼层(共8层)  , 板楼, 高楼层,8.0,0,0,0,0,1,0,0,0,0,0,0,False,False,False,False,False,False,False,True,False,False,False,False,False,True,False,False,False,False,True
187,优质度假房出售，精装修，位置好。,青城神韵一期 ,崇州,1室1厅 | 40平米 | 南 | 其他 | 低楼层(共2层)  | 暂无数据,10人关注 / 2个月以前发布,31.0,7750.0,1室1厅 , 40平米 , 南 , 其他 , 低楼层(共2层)  , 暂无数据, 低楼层,2.0,1,0,0,0,0,0,0,0,0,0,0,False,False,False,False,False,False,True,False,False,False,False,True,False,False,False,False,False,True,False
188,青城神韵二期 清水 街子古镇 交通方便,青城神韵二期 ,崇州,1室1厅 | 48.82平米 | 西南 | 其他 | 高楼层(共4层)  | 暂无数据,8人关注 / 2个月以前发布,40.0,8194.0,1室1厅 , 48.82平米 , 西南 , 其他 , 高楼层(共4层)  , 暂无数据, 高楼层,4.0,1,0,0,0,0,0,0,0,0,0,0,False,False,False,False,False,False,False,False,False,False,True,True,False,False,False,False,False,False,True
190,前后中庭 中间楼层 不临街 预约看房,西蜀御景二期 ,崇州,3室2厅 | 128.7平米 | 南 | 其他 | 低楼层(共18层)  | 塔楼,0人关注 / 2个月以前发布,110.0,8548.0,3室2厅 , 128.7平米 , 南 , 其他 , 低楼层(共18层)  , 塔楼, 低楼层,18.0,0,0,0,0,0,1,0,0,0,0,0,False,False,False,False,False,False,True,False,False,False,False,True,False,False,False,False,False,True,False
191,生态湿地公园旁 双拼别墅带车位,嘉裕第六洲 ,崇州,4室2厅 | 209平米 | 南 北 | 其他 | 低楼层(共3层)  | 板楼,0人关注 / 2个月以前发布,380.0,18182.0,4室2厅 , 209平米 , 南 北 , 其他 , 低楼层(共3层)  , 板楼, 低楼层,3.0,0,0,0,0,0,0,0,1,0,0,0,False,False,False,False,False,False,False,True,False,False,False,True,False,False,False,False,False,True,False
193,缇香府 2室1厅 85万,缇香府 ,崇州,2室1厅 | 97平米 | 东 | 其他 | 高楼层(共18层)  | 暂无数据,0人关注 / 2个月以前发布,85.0,8763.0,2室1厅 , 97平米 , 东 , 其他 , 高楼层(共18层)  , 暂无数据, 高楼层,18.0,0,0,1,0,0,0,0,0,0,0,0,True,False,False,False,False,False,False,False,False,False,False,True,False,False,False,False,False,False,True
194,嘉裕第六洲 4室2厅 250万,嘉裕第六洲 ,崇州,4室2厅 | 180平米 | 南 | 其他 | 低楼层(共3层)  | 板楼,0人关注 / 2个月以前发布,250.0,13889.0,4室2厅 , 180平米 , 南 , 其他 , 低楼层(共3层)  , 板楼, 低楼层,3.0,0,0,0,0,0,0,0,1,0,0,0,False,False,False,False,False,False,True,False,False,False,False,True,False,False,False,False,False,True,False
195,嘉裕第六洲龙泽台 3室2厅 108万,嘉裕第六洲龙泽台 ,崇州,3室2厅 | 124.45平米 | 南 | 毛坯 | 低楼层(共9层)  | 板楼,0人关注 / 1个月以前发布,108.0,8679.0,3室2厅 , 124.45平米 , 南 , 毛坯 , 低楼层(共9层)  , 板楼, 低楼层,9.0,0,0,0,0,0,1,0,0,0,0,0,False,False,False,False,False,False,True,False,False,False,False,False,True,False,False,False,False,True,False
197,嘉裕第六洲龙泽台清水大套三双卫洋房小区一梯两户采光,嘉裕第六洲龙泽台 ,崇州,3室2厅 | 125.8平米 | 东南 | 毛坯 | 中楼层(共7层)  | 板楼,1人关注 / 1个月以前发布,105.7,8403.0,3室2厅 , 125.8平米 , 东南 , 毛坯 , 中楼层(共7层)  , 板楼, 中楼层,7.0,0,0,0,0,0,1,0,0,0,0,0,False,False,False,False,True,False,False,False,False,False,False,False,True,False,False,False,True,False,False
198,青城神韵一期 3室2厅 98万,青城神韵一期 ,崇州,3室2厅 | 105平米 | 南 | 其他 | 低楼层(共3层)  | 塔楼,1人关注 / 1个月以前发布,98.0,9334.0,3室2厅 , 105平米 , 南 , 其他 , 低楼层(共3层)  , 塔楼, 低楼层,3.0,0,0,0,0,0,1,0,0,0,0,0,False,False,False,False,False,False,True,False,False,False,False,True,False,False,False,False,False,True,False
199,嘉裕第六洲龙泽台 3室1厅 204万,嘉裕第六洲龙泽台 ,崇州,3室1厅 | 204.68平米 | 东南 | 其他 | 低楼层(共6层)  | 板楼,0人关注 / 1个月以前发布,204.0,9967.0,3室1厅 , 204.68平米 , 东南 , 其他 , 低楼层(共6层)  , 板楼, 低楼层,6.0,0,0,0,0,1,0,0,0,0,0,0,False,False,False,False,True,False,False,False,False,False,False,True,False,False,False,False,False,True,False
200,嘉裕第六洲龙泽台 3室1厅 175万,嘉裕第六洲龙泽台 ,崇州,3室1厅 | 208.8平米 | 东南 | 其他 | 低楼层(共7层)  | 暂无数据,0人关注 / 1个月以前发布,175.0,8382.0,3室1厅 , 208.8平米 , 东南 , 其他 , 低楼层(共7层)  , 暂无数据, 低楼层,7.0,0,0,0,0,1,0,0,0,0,0,0,False,False,False,False,True,False,False,False,False,False,False,True,False,False,False,False,False,True,False
201,嘉裕第六洲龙泽台 3室2厅 105万,嘉裕第六洲龙泽台 ,崇州,3室2厅 | 126.74平米 | 东北 | 其他 | 中楼层(共6层)  | 暂无数据,0人关注 / 1个月以前发布,105.0,8285.0,3室2厅 , 126.74平米 , 东北 , 其他 , 中楼层(共6层)  , 暂无数据, 中楼层,6.0,0,0,0,0,0,1,0,0,0,0,0,False,False,False,True,False,False,False,False,False,False,False,True,False,False,False,False,True,False,False
202,嘉裕第六洲龙泽台 3室1厅 110万,嘉裕第六洲龙泽台 ,崇州,3室1厅 | 125平米 | 东南 | 其他 | 中楼层(共6层)  | 板楼,0人关注 / 1个月以前发布,110.0,8800.0,3室1厅 , 125平米 , 东南 , 其他 , 中楼层(共6层)  , 板楼, 中楼层,6.0,0,0,0,0,1,0,0,0,0,0,0,False,False,False,False,True,False,False,False,False,False,False,True,False,False,False,False,True,False,False
204,嘉裕第六洲龙泽台 3室2厅 120万,嘉裕第六洲龙泽台 ,崇州,3室2厅 | 125.78平米 | 东南 | 其他 | 中楼层(共8层)  | 暂无数据,0人关注 / 1个月以前发布,120.0,9541.0,3室2厅 , 125.78平米 , 东南 , 其他 , 中楼层(共8层)  , 暂无数据, 中楼层,8.0,0,0,0,0,0,1,0,0,0,0,0,False,False,False,False,True,False,False,False,False,False,False,True,False,False,False,False,True,False,False
205,嘉裕第六洲龙泽台 4室2厅 199万,嘉裕第六洲龙泽台 ,崇州,4室2厅 | 220平米 | 西南 | 其他 | 低楼层(共9层)  | 板楼,0人关注 / 1个月以前发布,199.0,9046.0,4室2厅 , 220平米 , 西南 , 其他 , 低楼层(共9层)  , 板楼, 低楼层,9.0,0,0,0,0,0,0,0,1,0,0,0,False,False,False,False,False,False,False,False,False,False,True,True,False,False,False,False,False,True,False
207,嘉裕第六洲龙泽台 3室2厅 106万,嘉裕第六洲龙泽台 ,崇州,3室2厅 | 126.74平米 | 南 | 其他 | 中楼层(共7层)  | 暂无数据,0人关注 / 1个月以前发布,106.0,8364.0,3室2厅 , 126.74平米 , 南 , 其他 , 中楼层(共7层)  , 暂无数据, 中楼层,7.0,0,0,0,0,0,1,0,0,0,0,0,False,False,False,False,False,False,True,False,False,False,False,True,False,False,False,False,True,False,False
209,嘉裕第六洲 联排别墅  拎包入住 随时可以看房,嘉裕第六洲 ,崇州,5室2厅 | 177.95平米 | 东南 | 简装 | 低楼层(共2层)  | 板楼,18人关注 / 8个月以前发布,260.0,14611.0,5室2厅 , 177.95平米 , 东南 , 简装 , 低楼层(共2层)  , 板楼, 低楼层,2.0,0,0,0,0,0,0,0,0,1,0,0,False,False,False,False,True,False,False,False,False,False,False,False,False,True,False,False,False,True,False
210,嘉裕第六洲独栋别墅诚心出售，产权在手,嘉裕第六洲 ,崇州,5室3厅 | 242.21平米 | 南 | 其他 | 低楼层(共1层)  | 板楼,2人关注 / 3个月以前发布,420.0,17341.0,5室3厅 , 242.21平米 , 南 , 其他 , 低楼层(共1层)  , 板楼, 低楼层,1.0,0,0,0,0,0,0,0,0,0,1,0,False,False,False,False,False,False,True,False,False,False,False,True,False,False,False,False,False,True,False
211,嘉裕第六洲龙泽台 4室2厅 180万,嘉裕第六洲龙泽台 ,崇州,4室2厅 | 208.18平米 | 东南 | 其他 | 低楼层(共9层)  | 板楼,0人关注 / 3个月以前发布,180.0,8647.0,4室2厅 , 208.18平米 , 东南 , 其他 , 低楼层(共9层)  , 板楼, 低楼层,9.0,0,0,0,0,0,0,0,1,0,0,0,False,False,False,False,True,False,False,False,False,False,False,True,False,False,False,False,False,True,False
